Light,Strain,Ev,Acc,Rep,ExptDay,CellspmL,FSC,RedF,Chl.volextr,ChlReading,ChlperCell,Fm,Fv.Fm,P.est,a.est,Pmax,Pmax.err,Pmax.p,a,a.err,a.p,Ek,P_I
100,1391,24,18,A,0,56769,7597.687654,7029.983342,4,1.91,0.168225549,5746,0.333,134.8043328,9.68E-01,161.9538909,3.314440655,4.93E-09,1.052940296,0.02792141,2.32E-08,153.8110864,10.51459233
100,1391,24,18,B,0,91492,7161.14595,5949.301753,4,2.71,0.148099772,8052,0.48,165.3623306,1.16E+00,199.6358952,3.997456992,4.32E-09,1.289572405,0.033192867,1.94E-08,154.807822,12.87781739
100,1391,24,18,C,0,90975,7431.095485,6629.67278,4,2.46,0.135202255,8496,0.449,183.2386007,1.24E+00,235.2246045,5.684446825,1.33E-08,1.318767911,0.033966352,1.95E-08,178.3669458,13.17387931
100,1391,24,18,D,0,77065,6867.390737,6946.707,4,2.61,0.169337856,8303,0.472,182.581953,1.23E+00,231.0318408,6.348132572,2.87E-08,1.336547665,0.04088448,5.45E-08,172.8571654,13.35058622
100,1391,24,18,E,0,70949,7064.372693,6576.750336,4,2.21,0.155745876,7347,0.464,144.9788274,1.02E+00,182.1540148,6.473446535,1.33E-07,1.077263273,0.043914343,3.02E-07,169.089599,10.76009093
100,1391,24,18,F,0,69492,7062.602734,7247.746809,4,2.38,0.171242066,7727,0.45,146.3465302,1.00E+00,186.5761827,4.305608104,1.01E-08,1.061864271,0.026671663,1.68E-08,175.7062441,10.60719256
100,2951,24,18,A,0,102078,6045.99252,4765.067713,,,,4495,0.493,209.9513621,1.77E+00,226.6605278,4.407568375,3.63E-09,2.10180879,0.076667266,1.56E-07,107.8406984,20.9580514
100,2951,24,18,B,0,112703,5979.38509,4044.18565,,,,6740,0.541,218.8699385,1.82E+00,240.061074,4.254262728,2.08E-09,2.099268045,0.066158632,6.51E-08,114.3546555,20.93933313
100,2951,24,18,C,0,84918,6040.548078,3814.826207,,,,3559,0.512,214.9949449,1.85E+00,236.5537797,5.803059412,1.46E-08,2.078229027,0.091056161,4.63E-07,113.8246924,20.72898619
100,2951,24,18,D,0,100068,5996.414908,4336.429316,,,,4598,0.52,182.5244722,1.78E+00,191.6072901,3.897923968,4.75E-09,2.098529758,0.092290558,4.74E-07,91.30549107,20.90179086
100,2951,24,18,E,0,87657,5801.2366,3811.259216,,,,3618,0.53,182.8094947,1.81E+00,190.7682542,4.09927231,6.60E-09,2.174894489,0.104409721,7.97E-07,87.71379724,21.65520398
100,2951,24,18,F,0,90804,5972.048572,3912.999195,,,,4509,0.524,174.2740948,1.69E+00,183.4402817,3.321957657,2.37E-09,1.984747706,0.07692333,2.23E-07,92.42498737,19.77039088
100,1391,24,24,A,0,74605,6597.551624,11876.55925,,,,11161,0.481,118.7042761,9.70E-01,136.7950176,4.30284898,6.44E-08,1.024111523,0.049076757,7.89E-07,133.574337,10.22202516
100,1391,24,24,B,0,78045,6481.156454,9717.249184,,,,8981,0.507,75.46587353,6.11E-01,92.79431101,6.856736836,1.01E-05,0.588731518,0.05467842,3.79E-05,157.6173659,5.879428587
100,1391,24,24,C,0,78565,6612.476909,10767.70592,,,,9470,0.503,75.7719631,6.02E-01,100.3538582,9.855961616,5.23E-05,0.541819674,0.053741322,5.53E-05,185.2163424,5.412938153
100,1391,24,24,D,0,84100,6605.216634,10618.60624,,,,10133,0.49,83.63684389,6.26E-01,106.966837,7.134453206,5.55E-06,0.610932543,0.044568936,9.37E-06,175.0878035,6.102691149
100,1391,24,24,E,0,73307,6496.594145,10390.27918,,,,8843,0.517,72.5073685,5.66E-01,86.24933786,4.504285385,1.31E-06,0.584984639,0.041654993,8.13E-06,147.4386369,5.8408927
100,1391,24,24,F,0,72687,6596.405511,10448.88736,,,,7895,0.499,89.59180337,6.83E-01,112.266067,6.464214438,2.34E-06,0.67297084,0.045256929,5.82E-06,166.8215922,6.72165931
100,2951,24,24,A,0,34157,6317.671435,5497.800521,,,,2344,0.524,110.8584684,1.22E+00,115.3776506,2.774509163,1.29E-08,1.417752494,0.080935597,2.22E-06,81.38067192,14.10659629
100,2951,24,24,B,0,71776,5983.774854,4737.600917,,,,4113,0.558,88.07435652,9.10E-01,92.44700502,3.072561208,8.94E-08,1.058855184,0.078919815,1.06E-05,87.30845015,10.5424912
100,2951,24,24,C,0,56944,5899.262237,4695.475906,,,,2999,0.507,118.8277695,1.03E+00,149.5926803,8.155617799,8.86E-06,1.016253649,0.055306933,8.78E-06,147.200141,10.1469315
100,2951,24,24,D,0,23996,5881.178404,6094.520093,,,,1683,0.496,119.7422667,1.08E+00,132.5398753,10.19197894,1.27E-05,1.126950593,0.150096212,0.000288829,117.6093044,11.24242608
100,2951,24,24,E,0,27976,5457.603811,4511.659974,,,,1449,0.513,85.22058485,0.952015755,85.62202805,4.577864437,1.51E-06,1.236941447,0.178775945,0.000451075,69.22076083,12.28407596
100,2951,24,24,F,0,31013,5772.911411,4353.026936,,,,1580,0.485,124.1441352,1.12E+00,140.1048936,7.703137431,1.78E-06,1.148717065,0.105612107,3.58E-05,121.9664075,11.46149951
100,1391,24,30,A,0,122628,6263.864662,13334.55684,,,,18599,0.464,30.82613771,3.51E-01,32.46803028,2.64289703,1.77E-05,0.38754845,0.073154792,0.001833941,83.77799025,3.857183409
100,1391,24,30,B,0,160717,6658.271361,10761.45349,,,,21210,0.536,16.38751464,2.48E-01,15.75669889,1.21305375,1.28E-05,0.557523833,0.236735946,0.056666385,28.26192881,5.353659201
100,1391,24,30,C,0,145920,6303.724756,12453.60426,,,,20925,0.531,18.65274951,2.47E-01,17.97067962,1.668804788,3.79E-05,0.405577291,0.14450596,0.030892245,44.30889012,3.988286969
100,1391,24,30,D,0,135044,5752.642518,13886.33812,,,,21980,0.518,19.8375842,0.222235064,26.09289431,6.03968764,0.004981417,0.15543078,0.041668899,0.009735073,167.8746919,1.552471983
100,1391,24,30,E,0,153953,6324.563629,11854.4349,,,,20297,0.482,19.2882435,0.274142107,17.8144994,1.68581174,0.000131126,0.649973075,0.318201478,0.09654276,27.40805746,6.225888296
100,1391,24,30,F,0,147844,5919.760346,12221.56854,,,,17610,0.499,23.81114574,0.247990944,25.91479085,3.076327613,0.000386629,0.271552728,0.054233869,0.004079957,95.43189275,2.705631672
100,2951,24,30,A,0,25576,6909.011033,9815.887853,,,,3053,0.477,57.90581567,0.532945527,58.36064852,3.754179334,1.00E-04,0.687708592,0.084631391,0.001247487,84.86246823,6.845430612
100,2951,24,30,B,0,38924,7773.67594,7877.995156,,,,3657,0.53,58.61143726,5.52E-01,61.17084162,2.891906288,7.28E-07,0.69777942,0.073732172,7.92E-05,87.66501258,6.947685646
100,2951,24,30,C,0,26971,7650.115173,8214.516802,,,,2648,0.496,72.52531941,0.648015229,85.37386822,9.488745815,0.000105444,0.625609508,0.103509287,0.00092823,136.4651066,6.244921125
100,2951,24,30,D,0,31508,7231.688369,12695.75173,,,,5232,0.502,46.75040396,4.46E-01,46.97066063,3.539839754,4.35E-05,0.51772217,0.089924944,0.002219089,90.72561183,5.156357082
100,2951,24,30,E,0,42875,6988.504111,7456.320762,,,,4274,0.53,33.41997078,4.90E-01,32.4497695,2.236952254,6.73E-06,0.825747016,0.239149227,0.013585495,39.29747112,8.083732441
100,2951,24,30,F,0,33865,6900.861762,10125.06673,,,,4360,0.516,45.58926825,4.57E-01,45.79513043,2.910411904,4.18E-06,0.678984551,0.119097695,0.001258988,67.44649845,6.740526067
100,1391,24,18,A,2,63665,10087.2451,5692.448113,,,,3552,0.346,160.9656413,1.07E+00,201.9462582,4.189925686,5.35E-09,1.175170402,0.027362745,1.07E-08,171.8442346,11.73845689
100,1391,24,18,B,2,122650,9548.075506,5321.464023,,,,8691,0.462,194.5056052,1.34E+00,239.6530343,3.548092214,7.08E-10,1.468697223,0.02614482,2.14E-09,163.1738867,14.66861287
100,1391,24,18,C,2,79809,13069.11129,6666.382596,,,,7980,0.449,197.5683027,1.30E+00,260.1325815,5.652163191,7.05E-09,1.379450109,0.029485348,6.39E-09,188.5770132,13.78158536
100,1391,24,18,D,2,89405,9088.87655,5954.145264,,,,6099,0.441,195.4958803,1.26E+00,251.7882061,6.480140103,1.94E-08,1.390300754,0.037322374,2.50E-08,181.103409,13.88889501
100,1391,24,18,E,2,86958,9369.634865,5825.807429,,,,6593,0.473,154.1438092,1.05E+00,190.6274826,2.897142475,8.29E-10,1.158305996,0.020931538,2.34E-09,164.5743727,11.56882563
100,1391,24,18,F,2,80304,9166.654935,5877.798464,,,,5693,0.413,144.2148855,9.66E-01,191.0208825,6.286044972,8.43E-08,1.002933419,0.031994158,7.00E-08,190.4621771,10.02012853
100,2951,24,18,A,2,149257,8305.75378,4999.699782,,,,10363,0.516,192.0894571,1.74E+00,203.7962131,3.648434005,2.21E-09,2.077115633,0.075708287,1.55E-07,98.11500612,20.69953081
100,2951,24,18,B,2,181015,8256.949941,4170.424687,,,,9026,0.544,199.9524512,1.72E+00,215.0174638,4.31587548,4.39E-09,2.034078004,0.077954207,2.09E-07,105.7075802,20.28031807
100,2951,24,18,C,2,99184,8334.320075,3917.261386,,,,4516,0.513,189.5695273,1.76E+00,197.3974266,7.832651807,2.57E-07,2.194145838,0.19051613,2.58E-05,89.96549966,21.85153941
100,2951,24,18,D,2,136334,8221.963457,4673.54449,,,,7542,0.512,188.3065372,1.87E+00,194.8059695,6.032461741,5.86E-08,2.291345893,0.162594913,7.97E-06,85.01814153,22.80837179
100,2951,24,18,E,2,118537,8216.743358,4028.06301,,,,5892,0.518,169.2891249,1.67E+00,175.9582716,5.650408017,7.28E-08,2.043223977,0.148791881,9.27E-06,86.11795556,20.34089759
100,2951,24,18,F,2,143050,8350.337874,4093.852341,,,,6529,0.523,178.679148,1.68E+00,190.3376658,2.347886352,2.37E-10,1.926248354,0.048087328,1.62E-08,98.81262998,19.19699118
100,1391,24,24,A,2,134022,9334.055172,11426.30154,4.5,7.41,0.276447917,20674,0.499,77.36410393,6.95E-01,85.15816333,3.730467808,4.63E-07,0.756221824,0.059755081,1.49E-05,112.6100314,7.542402688
100,1391,24,24,B,2,140517,8807.069422,9222.574588,4.5,6.83,0.243031276,16492,0.507,60.68648155,5.60E-01,69.11106834,5.461384132,1.49E-05,0.554431281,0.07169854,0.00024555,124.6521808,5.532449386
100,1391,24,24,C,2,140619,9491.139484,10125.79618,4.5,7.13,0.253522698,15806,0.509,67.59479344,6.56E-01,76.74504337,5.950779613,1.34E-05,0.628240142,0.081332308,0.000247036,122.1587705,6.268405789
100,1391,24,24,D,2,152929,9330.566058,10151.90249,4.5,8.25,0.269733714,17255,0.504,75.54884159,6.70E-01,85.80625249,4.846382999,2.08E-06,0.685878117,0.063164987,3.61E-05,125.1042283,6.844210707
100,1391,24,24,E,2,134970,9128.852113,9988.747903,4.5,6.67,0.247092316,15980,0.514,67.14325771,5.56E-01,78.04146147,4.242873988,1.66E-06,0.572892364,0.046455748,1.73E-05,136.2236022,5.718655021
100,1391,24,24,F,2,131049,9154.709013,9866.693489,4.5,6.4,0.244184351,13341,0.494,71.49814352,6.61E-01,80.86974497,4.888617308,3.11E-06,0.662460615,0.066906363,6.13E-05,122.0747968,6.60982791
100,2951,24,24,A,2,78787,9465.610065,5973.837095,,,,5934,0.565,94.50012555,1.28E+00,95.6564367,2.39386558,1.64E-08,1.807298505,0.151318048,2.09E-05,52.92785694,17.86096169
100,2951,24,24,B,2,126895,8203.166932,4954.940689,,,,7814,0.583,94.26511999,1.15E+00,95.91998491,2.386384429,1.59E-08,1.516047492,0.109557678,8.87E-06,63.2697758,15.03548316
100,2951,24,24,C,2,119980,7778.608139,4985.644511,,,,6739,0.579,115.3853809,1.32E+00,119.5972529,6.81042918,2.19E-06,1.558813621,0.22095726,0.000405921,76.72325368,15.50046076
100,2951,24,24,D,2,46404,8803.958312,6332.330661,,,,3267,0.547,99.22872368,1.30E+00,100.0564406,3.780707187,1.92E-07,1.765255613,0.211445546,0.000160475,56.68099273,17.47165618
100,2951,24,24,E,2,46319,7630.166003,4384.931648,,,,2211,0.526,114.6761946,1.16E+00,127.8678901,6.341821326,9.67E-07,1.151146871,0.104281938,3.29E-05,111.0786932,11.48047009
100,2951,24,24,F,2,52679,8489.6035,4514.867418,,,,2426,0.527,120.3088376,1.32E+00,128.0641329,8.007030021,3.79E-06,1.40859534,0.191063872,0.000319246,90.91619806,14.02942249
100,1391,24,30,A,2,175874,8846.093911,12515.93005,,,,25515,0.467,47.14876961,4.80E-01,53.49545065,5.308255499,5.54E-05,0.461918438,0.080552261,0.001221532,115.8114642,4.60773854
100,1391,24,30,B,2,247644,8915.730901,10750.49729,,,,30606,0.465,32.72162061,3.73E-01,34.3490739,2.694495111,1.43E-05,0.410617847,0.074786063,0.001528257,83.65216984,4.086729938
100,1391,24,30,C,2,223487,8675.250495,12187.62733,,,,27693,0.475,36.28499388,4.09E-01,37.74911708,2.675747574,7.92E-06,0.473655323,0.081056235,0.001107466,79.69744078,4.711851569
100,1391,24,30,D,2,196252,8060.63107,13187.92575,,,,30235,0.529,42.99559665,3.62E-01,48.36866178,2.862920116,2.75E-06,0.395320641,0.03900585,5.37E-05,122.3529884,3.944427506
100,1391,24,30,E,2,235955,8602.387812,11831.07193,,,,30981,0.528,37.70212573,3.59E-01,41.59235544,3.330038448,1.61E-05,0.372761202,0.054289198,0.000470135,111.5790894,3.717663673
100,1391,24,30,F,2,244855,8404.72939,11387.57848,,,,29771,0.538,36.45356079,3.25E-01,42.45277539,4.179137747,5.30E-05,0.318453498,0.047862071,0.000556988,133.3091822,3.178575226
100,2951,24,30,A,2,120666,8361.255166,8042.937568,,,,12497,0.543,44.72902177,6.27E-01,44.19367983,0.890598452,4.49E-09,0.988722585,0.075942354,1.26E-05,44.69775498,9.725501785
100,2951,24,30,B,2,94528,9351.652447,8384.971704,,,,10211,0.572,52.3155347,6.78E-01,52.22866274,2.25745903,4.27E-07,0.924952848,0.127114829,0.000342942,56.46629754,9.154027894
100,2951,24,30,C,2,67587,9172.485101,8299.734152,,,,7378,0.54,66.02184673,6.41E-01,73.53461135,8.289537451,0.000302768,0.646108066,0.122880748,0.003304296,113.8116287,6.444504972
100,2951,24,30,D,2,78074,8582.441722,12305.14336,,,,11635,0.55,41.86141235,5.92E-01,41.33907085,1.038878232,1.68E-08,0.949343249,0.092752906,5.07E-05,43.54491476,9.3299907
100,2951,24,30,E,2,89689,9068.247505,7508.709719,,,,8507,0.528,60.61003325,6.01E-01,61.99121948,4.077466325,2.23E-05,0.633032426,0.092122007,0.0009981,97.92739982,6.308411927
100,2951,24,30,F,2,79674,8811.873364,8579.455405,,,,8683,0.536,127.7071716,7.71E-01,203.5181523,9.109056321,3.34E-06,0.753724801,0.02026226,2.64E-07,270.0165258,7.533803938
100,1391,24,18,A,4,66141,10137.92652,5800.348276,4.5,2.25,0.170091373,3777,0.386,127.7961099,9.68E-01,154.4236134,4.474989316,3.94E-08,0.997986897,0.037197131,1.77E-07,154.735111,9.965998194
100,1391,24,18,B,4,155337,9893.510142,5399.704659,4.5,3.83,0.123280326,10156,0.466,171.0693301,1.21E+00,205.3909171,4.244698997,5.22E-09,1.34279166,0.036203548,2.56E-08,152.9581418,13.40881806
100,1391,24,18,C,4,122778,10212.83341,6071.983018,4.5,3.52,0.143347854,8095,0.464,158.907004,1.12E+00,196.6629984,3.328678796,1.58E-09,1.197834723,0.024182281,4.54E-09,164.1820817,11.96355682
100,1391,24,18,D,4,100249,9693.82075,6172.578107,4.5,3.42,0.170575959,6886,0.449,158.4416971,1.10E+00,196.6572023,3.858671277,3.83E-09,1.18434606,0.027308995,1.01E-08,166.0470777,11.82916293
100,1391,24,18,E,4,101230,9886.040726,5827.092319,4.5,3.05,0.150647472,7289,0.481,140.3174451,9.57E-01,169.1487375,3.431843754,4.68E-09,1.087268588,0.028183565,2.03E-08,155.5721735,10.85773611
100,1391,24,18,F,4,83090,9726.82591,5639.702102,4.5,3.1,0.186545709,4463,0.408,116.8601285,8.32E-01,145.012624,4.549204975,6.34E-08,0.881770647,0.032922126,1.79E-07,164.4561708,8.806854905
100,2951,24,18,A,4,323989,8059.212694,4464.085043,,,,17557,0.523,195.009857,1.81E+00,204.9995236,3.622127339,2.04E-09,2.201874944,0.08276227,1.86E-07,93.10225552,21.93446419
100,2951,24,18,B,4,293002,8159.69055,3855.313213,,,,14915,0.547,174.8238206,1.39E+00,189.843598,4.431665141,1.08E-08,1.693800242,0.07163024,3.75E-07,112.0814564,16.89320089
100,2951,24,18,C,4,151020,7953.774103,3722.86247,,,,6970,0.523,196.5206225,1.81E+00,207.9078424,4.303524165,5.27E-09,2.171900756,0.093448152,4.16E-07,95.72621672,21.64034548
100,2951,24,18,D,4,222933,8143.700144,4493.494276,,,,12356,0.512,185.002014,1.82E+00,192.6336046,4.989234164,2.02E-08,2.217771462,0.129355619,2.52E-06,86.85908709,22.08024514
100,2951,24,18,E,4,181921,7891.392483,3798.5675,,,,7578,0.512,180.580904,1.84E+00,187.9012317,3.916245722,5.50E-09,2.197636263,0.104477511,7.52E-07,85.5015158,21.87670346
100,2951,24,18,F,4,222449,8159.447255,3880.049846,,,,9819,0.527,168.7137433,1.61E+00,176.2223375,3.990563086,9.03E-09,1.971754491,0.098237157,9.93E-07,89.37336687,19.6356709
100,1391,24,24,A,4,259455,9303.476626,11583.40325,,,,36161,0.519,108.1721207,8.08E-01,132.049095,5.262126937,2.64E-07,0.836467386,0.041813602,1.01E-06,157.8652046,8.35350372
100,1391,24,24,B,4,274350,8956.964323,9378.269163,,,,30659,0.52,61.99970748,5.08E-01,82.41906861,9.473021268,1.27E-04,0.443728376,0.051295422,0.00013154,185.7421638,4.433001509
100,1391,24,24,C,4,249363,9540.591216,9792.237825,,,,25581,0.502,73.74204088,6.18E-01,97.96842881,11.3874601,1.36E-04,0.52813384,0.061860186,0.000141592,185.4992454,5.276228248
100,1391,24,24,D,4,269873,9425.063841,9889.04732,,,,27141,0.495,74.18686571,5.82E-01,103.1716214,12.82129067,1.97E-04,0.507607784,0.055409557,9.52E-05,203.2506683,5.071985963
100,1391,24,24,E,4,253580,9218.59753,10026.06488,,,,28040,0.51,59.60760455,4.51E-01,83.71304613,10.52229035,2.10E-04,0.399640112,0.042088426,7.78E-05,209.4710804,3.993367904
100,1391,24,24,F,4,259839,9089.950475,9579.069724,,,,22973,0.493,57.29364987,5.34E-01,73.25076934,9.042527392,1.90E-04,0.439548176,0.063459743,0.00044845,166.6501497,4.390213723
100,2951,24,24,A,4,142261,9069.817679,5989.612192,,,,10276,0.556,77.12423517,9.76E-01,78.14522423,1.028350194,3.50E-10,1.283686489,0.050600274,2.47E-07,60.87563036,12.72263262
100,2951,24,24,B,4,212943,8507.793551,4576.208584,,,,11324,0.566,73.35272912,8.57E-01,74.92579554,1.016802756,4.20E-10,1.082740949,0.03972978,1.61E-07,69.20011254,10.7526653
100,2951,24,24,C,4,210950,8468.743733,4791.334889,,,,10781,0.55,89.24906278,9.09E-01,96.26086996,6.211256798,4.57E-06,0.972032784,0.126696559,0.000256456,99.03047667,9.687423422
100,2951,24,24,D,4,97321,8877.580909,6773.421881,,,,6234,0.535,87.9571211,1.07E+00,90.21593132,3.208965609,1.07E-06,1.325172526,0.110860827,7.22E-05,68.07863091,13.15723266
100,2951,24,24,E,4,84867,7753.851346,4632.026221,,,,4356,0.545,89.04952712,9.25E-01,93.37848974,2.480133584,2.34E-08,1.071984068,0.063969223,2.88E-06,87.10809476,10.6729953
100,2951,24,24,F,4,99457,8244.069428,4846.078341,,,,4992,0.539,92.72602,1.13E+00,94.20294185,0.568297966,3.25E-12,1.432217392,0.024330458,1.62E-09,65.7741921,14.21283366
100,1391,24,30,A,4,325589,9074.963251,11637.17816,,,,30987,0.45,42.13889167,4.70E-01,45.22171506,4.523776963,5.80E-05,0.490833981,0.105361033,0.00347245,92.13240482,4.889155469
100,1391,24,30,B,4,426203,8937.53903,9637.365307,,,,36143,0.53,25.43744809,3.33E-01,23.91174504,1.726827954,8.83E-06,0.714831496,0.245666235,0.02698861,33.45088341,6.942716563
100,1391,24,30,C,4,405504,8652.23325,11263.7833,,,,36043,0.546,34.50148237,4.00E-01,36.2485446,3.327099473,3.55E-05,0.438485564,0.094342392,0.003511719,82.66758956,4.363592413
100,1391,24,30,D,4,367167,8353.766033,12612.48644,,,,36095,0.498,37.30362488,3.60E-01,41.89071915,3.68759178,2.79E-05,0.363721479,0.056561844,0.000668506,115.1725196,3.628102188
100,1391,24,30,E,4,431517,8684.245947,11001.78835,,,,41318,0.531,30.32953965,3.35E-01,32.66945108,3.117527652,4.43E-05,0.342546074,0.068156899,0.002390145,95.3724288,3.412962571
100,1391,24,30,F,4,460111,8500.701266,10271.83401,,,,40547,0.506,36.59834043,3.28E-01,41.95760784,3.444358251,1.86E-05,0.330915371,0.043697813,0.000275536,126.7925626,3.302309408
100,2951,24,30,A,4,296194,8162.125649,7037.566187,,,,27158,0.504,41.38326924,5.07E-01,40.89230146,2.201326743,1.57E-06,0.77298396,0.139269378,0.001445725,52.90187583,7.639069088
100,2951,24,30,B,4,195457,8137.419692,6329.116725,,,,14408,0.55,45.77513228,4.93E-01,45.65728384,2.561307459,2.00E-06,0.671172929,0.103209722,0.00062967,68.02611056,6.66379741
100,2951,24,30,C,4,132098,8184.493487,6603.620864,,,,9562,0.518,48.57833315,5.14E-01,52.20325226,5.4865631,7.69E-05,0.541414385,0.117565701,0.003671885,96.42014278,5.394814883
100,2951,24,30,D,4,211423,7271.273952,9759.953496,,,,27331,0.53,38.69681297,4.36E-01,37.99689465,3.110421682,1.83E-05,0.623341205,0.15268326,0.006483232,60.95681518,6.178088454
100,2951,24,30,E,4,190470,8263.410035,6393.554319,,,,14847,0.511,37.84061437,4.76E-01,37.16408505,2.303544267,3.61E-06,0.75952172,0.167418356,0.003947151,48.93090487,7.491211267
100,2951,24,30,F,4,144599,8133.565588,6650.217329,,,,10689,0.5,40.26108152,4.64E-01,40.08717795,1.980914913,9.46E-07,0.743930748,0.121272467,0.00085844,53.88563126,7.355066308
100,1391,24,18,A,7,63476,10051.29138,5833.175863,4.5,2.48,0.1953509,3983,0.412,139.454016,1.12E+00,156.8989839,2.146020894,4.41E-10,1.253380112,0.027935769,8.21E-09,125.1806874,12.50720736
100,1391,24,18,B,7,216116,10036.87331,4963.645003,4.5,5.43,0.125626728,11854,0.465,156.6579488,1.18E+00,189.6522656,4.725023118,1.60E-08,1.234010397,0.039875652,7.56E-08,153.6877372,12.32271858
100,1391,24,18,C,7,150118,10405.50778,5663.878662,4.5,4.88,0.162538708,9189,0.447,151.7340582,1.21E+00,179.6969129,4.452363803,1.55E-08,1.253700378,0.043768704,1.20E-07,143.3332206,12.51670201
100,1391,24,18,D,7,111216,10148.65817,5697.499522,4.5,4.06,0.182528068,6533,0.426,147.54753,1.19E+00,171.8076238,3.040522473,2.06E-09,1.250946078,0.032725607,2.14E-08,137.3421499,12.48740158
100,1391,24,18,E,7,136192,9967.663139,5793.861037,4.5,4.2,0.154193782,10595,0.492,142.054953,1.07E+00,172.468544,4.957742012,3.76E-08,1.116907085,0.041400412,1.71E-07,154.4161966,11.15348314
100,1391,24,18,F,7,83798,10567.69729,4996.491157,4.5,3.63,0.216593054,4286,0.343,111.6331993,9.59E-01,125.7333807,2.970915395,1.16E-08,1.014250397,0.039435188,2.28E-07,123.9668045,10.12056157
100,2951,24,18,A,7,598815,8561.829965,3404.443178,4.5,15.99,0.133513767,29694,0.506,130.3643945,1.65E+00,131.1698796,2.00699962,8.63E-10,2.24829305,0.106584767,7.40E-07,58.34198511,22.26531187
100,2951,24,18,B,7,425345,8619.100587,3765.88481,4.5,9.74,0.114495404,23102,0.533,137.0417956,1.52E+00,140.0701998,3.258707795,1.06E-08,1.953741602,0.119465358,3.33E-06,71.6933087,19.41169084
100,2951,24,18,C,7,245965,8183.018754,3636.214479,4.5,5.38,0.10936505,11035,0.518,137.4109419,1.65E+00,139.8248857,3.004799294,6.60E-09,2.126341751,0.128699541,3.13E-06,65.75842556,21.10100834
100,2951,24,18,D,7,311325,8236.553229,4390.044622,4.5,8.21,0.131855731,17605,0.509,128.9823194,1.41E+00,133.3852572,3.648818518,2.80E-08,1.721862338,0.116344288,5.98E-06,77.4656918,17.1236125
100,2951,24,18,E,7,276668,8250.455526,3724.437519,4.5,6.27,0.113312534,11905,0.506,134.0783547,1.70E+00,135.8070918,3.269341277,1.30E-08,2.259128797,0.164543603,9.28E-06,60.11480706,22.38518855
100,2951,24,18,F,7,308348,8419.104856,3771.575649,4.5,8.18,0.132642509,13810,0.499,157.6061484,1.79E+00,160.8727812,2.545051498,1.05E-09,2.274805901,0.095629558,3.62E-07,70.71934404,22.59764535
100,1391,24,24,A,7,460585,9227.76103,10274.1255,4.5,22.12,0.240129442,59626,0.512,73.59581817,8.89E-01,76.01068313,3.938583224,1.25E-06,1.01383034,0.133207971,0.000268036,74.97377037,10.07860729
100,1391,24,24,B,7,476795,9010.06501,8153.18428,4.5,20.21,0.211935763,42661,0.532,58.75201641,7.66E-01,58.80190701,2.580654284,4.68E-07,1.033474471,0.143348444,0.000360703,56.89729999,10.22963019
100,1391,24,24,C,7,412473,9338.29959,8622.05001,4.5,19.15,0.232136368,37751,0.513,69.96986488,8.41E-01,71.92948316,3.497552958,8.60E-07,0.992402852,0.125725195,0.000219167,72.4801254,9.861535011
100,1391,24,24,D,7,442488,9214.8708,8617.48756,4.5,19.5,0.220345174,38984,0.509,63.16826232,7.44E-01,65.0823085,3.451260632,1.44E-06,0.863786104,0.115690578,0.00029783,75.3453988,8.587496788
100,1391,24,24,E,7,428747,8890.90797,8613.76136,4.5,18.63,0.217261237,39269,0.525,53.87885506,6.42E-01,55.72502125,3.775945101,6.08E-06,0.732254183,0.124319301,0.001062537,76.10065268,7.280684186
100,1391,24,24,F,7,417812,9015.92454,8436.47538,4.5,19.81,0.23706847,35176,0.514,69.91657241,7.77E-01,73.48308181,3.461140658,7.12E-07,0.854906533,0.09145636,8.50E-05,85.9545213,8.510702104
100,2951,24,24,A,7,567014,8432.64068,5965.64711,,,,,,,,,,,,,,,
100,2951,24,24,B,7,455662,8816.93518,4629.94611,,,,,,,,,,,,,,,
100,2951,24,24,C,7,468749,8920.12366,4664.04556,,,,,,,,,,,,,,,
100,2951,24,24,D,7,184988,8905.35621,6102.71793,,,,,,,,,,,,,,,
100,2951,24,24,E,7,214456,7994.2874,4406.38333,,,,,,,,,,,,,,,
100,2951,24,24,F,7,225919,8593.20831,4804.17856,,,,,,,,,,,,,,,
100,1391,24,30,A,7,354769,8606.08463,9489.31281,,,,,,,,,,,,,,,
100,1391,24,30,B,7,470159,8378.08303,7581.30863,,,,,,,,,,,,,,,
100,1391,24,30,C,7,444944,8329.46102,9046.04724,,,,,,,,,,,,,,,
100,1391,24,30,D,7,428242,8103.30381,9538.70966,,,,,,,,,,,,,,,
100,1391,24,30,E,7,459252,8223.52021,8955.13865,,,,,,,,,,,,,,,
100,1391,24,30,F,7,490974,8226.73225,8904.59564,,,,,,,,,,,,,,,
100,2951,24,30,A,7,742649,7694.2985,5609.35398,,,,,,,,,,,,,,,
100,2951,24,30,B,7,497170,7593.64982,4667.62441,,,,,,,,,,,,,,,
100,2951,24,30,C,7,486342,7653.91405,4634.52536,,,,,,,,,,,,,,,
100,2951,24,30,D,7,608428,7618.99119,5482.66323,,,,,,,,,,,,,,,
100,2951,24,30,E,7,566217,7605.37691,4754.09716,,,,,,,,,,,,,,,
100,2951,24,30,F,7,456770,7759.97638,4988.03426,,,,,,,,,,,,,,,
100,1391,24,18,A,7.083333333,63476,10051.29138,5833.175863,4.5,2.48,0.1953509,3983,0.412,139.454016,1.12E+00,156.8989839,2.146020894,4.41E-10,1.253380112,0.027935769,8.21E-09,125.1806874,12.50720736
100,1391,24,18,B,7.083333333,216116,10036.87331,4963.645003,4.5,5.43,0.125626728,11854,0.465,156.6579488,1.18E+00,189.6522656,4.725023118,1.60E-08,1.234010397,0.039875652,7.56E-08,153.6877372,12.32271858
100,1391,24,18,C,7.083333333,150118,10405.50778,5663.878662,4.5,4.88,0.162538708,9189,0.447,151.7340582,1.21E+00,179.6969129,4.452363803,1.55E-08,1.253700378,0.043768704,1.20E-07,143.3332206,12.51670201
100,1391,24,18,D,7.083333333,111216,10148.65817,5697.499522,4.5,4.06,0.182528068,6533,0.426,147.54753,1.19E+00,171.8076238,3.040522473,2.06E-09,1.250946078,0.032725607,2.14E-08,137.3421499,12.48740158
100,1391,24,18,E,7.083333333,136192,9967.663139,5793.861037,4.5,4.2,0.154193782,10595,0.492,142.054953,1.07E+00,172.468544,4.957742012,3.76E-08,1.116907085,0.041400412,1.71E-07,154.4161966,11.15348314
100,1391,24,18,F,7.083333333,83798,10567.69729,4996.491157,4.5,3.63,0.216593054,4286,0.343,111.6331993,9.59E-01,125.7333807,2.970915395,1.16E-08,1.014250397,0.039435188,2.28E-07,123.9668045,10.12056157
100,2951,24,18,A,7.083333333,598815,8561.829965,3404.443178,4.5,15.99,0.133513767,29694,0.506,130.3643945,1.65E+00,131.1698796,2.00699962,8.63E-10,2.24829305,0.106584767,7.40E-07,58.34198511,22.26531187
100,2951,24,18,B,7.083333333,425345,8619.100587,3765.88481,4.5,9.74,0.114495404,23102,0.533,137.0417956,1.52E+00,140.0701998,3.258707795,1.06E-08,1.953741602,0.119465358,3.33E-06,71.6933087,19.41169084
100,2951,24,18,C,7.083333333,245965,8183.018754,3636.214479,4.5,5.38,0.10936505,11035,0.518,137.4109419,1.65E+00,139.8248857,3.004799294,6.60E-09,2.126341751,0.128699541,3.13E-06,65.75842556,21.10100834
100,2951,24,18,D,7.083333333,311325,8236.553229,4390.044622,4.5,8.21,0.131855731,17605,0.509,128.9823194,1.41E+00,133.3852572,3.648818518,2.80E-08,1.721862338,0.116344288,5.98E-06,77.4656918,17.1236125
100,2951,24,18,E,7.083333333,276668,8250.455526,3724.437519,4.5,6.27,0.113312534,11905,0.506,134.0783547,1.70E+00,135.8070918,3.269341277,1.30E-08,2.259128797,0.164543603,9.28E-06,60.11480706,22.38518855
100,2951,24,18,F,7.083333333,308348,8419.104856,3771.575649,4.5,8.18,0.132642509,13810,0.499,157.6061484,1.79E+00,160.8727812,2.545051498,1.05E-09,2.274805901,0.095629558,3.62E-07,70.71934404,22.59764535
100,1391,24,24,A,7.083333333,102338,8804.445762,9955.543177,4.5,4.53,0.221325578,12532,0.507,132.7777133,1.42E+00,145.0304712,7.474200488,1.21E-06,1.401861106,0.140560396,5.88E-05,103.4556638,13.97511446
100,1391,24,24,B,7.083333333,118821,8461.776257,8309.133735,4.5,4.99,0.209979708,12973,0.54,114.9957031,1.09E+00,137.0290113,9.642542225,7.59E-06,0.977321574,0.099356416,6.36E-05,140.2087246,9.75667772
100,1391,24,24,C,7.083333333,98376,8986.995469,9328.951333,4.5,4.21,0.213975048,10703,0.527,107.9595818,1.21E+00,115.386562,6.877487608,2.86E-06,1.253127639,0.160350255,0.000231628,92.07885804,12.48224094
100,1391,24,24,D,7.083333333,109501,8902.851622,9264.225104,4.5,5.35,0.244289071,12111,0.51,105.2343853,1.15E+00,112.9804742,6.417147422,2.16E-06,1.169714809,0.137066755,0.00014193,96.58805154,11.6555327
100,1391,24,24,E,7.083333333,100760,8823.087362,8963.712073,4.5,4.56,0.226279745,11512,0.529,84.72867783,9.69E-01,88.37685845,4.461037503,1.07E-06,1.07146932,0.127011176,0.000151393,82.48193094,10.66250227
100,1391,24,24,F,7.083333333,88639,8862.101465,9390.850482,4.5,3.67,0.207020221,10558,0.506,105.5233037,1.15E+00,112.3190265,4.927638235,4.67E-07,1.227114165,0.116147096,4.23E-05,91.53103248,12.22255035
100,2951,24,24,A,7.083333333,580359,8437.926488,6037.357458,4.5,21.28,0.18333489,58884,0.502,85.59841974,1.29E+00,86.03188834,0.989750645,1.56E-10,2.101977332,0.098521255,6.91E-07,40.92902766,20.61126717
100,2951,24,24,B,7.083333333,480917,8933.642971,4661.219286,4.5,14.27,0.148362317,30520,0.561,73.11883769,1.08E+00,73.63485963,0.918703269,2.54E-10,1.665173942,0.07983269,7.91E-07,44.22052123,16.37357688
100,2951,24,24,C,7.083333333,479039,8862.119931,4619.409315,4.5,13.05,0.136210282,30621,0.552,71.5305608,1.04E+00,71.59065822,0.86502162,2.10E-10,1.642660844,0.077114796,6.98E-07,43.58212986,16.14427583
100,2951,24,24,D,7.083333333,193105,8947.259743,6063.724979,4.5,7.97,0.20636488,14365,0.541,69.57599106,9.50E-01,69.11942588,1.85942622,2.53E-08,1.450942361,0.141702736,5.06E-05,47.63760969,14.29999199
100,2951,24,24,E,7.083333333,221345,8359.853704,4373.994655,4.5,6.12,0.138245993,12208,0.539,69.54833065,9.37E-01,69.29062074,3.216505899,6.53E-07,1.330708189,0.209321006,0.000710563,52.07048495,13.14586181
100,2951,24,24,F,7.083333333,207701,8709.229392,4818.139091,4.5,6.82,0.164178495,13033,0.541,71.71523345,1.03E+00,71.04646597,1.638932137,1.01E-08,1.607721306,0.142587147,2.91E-05,44.19078464,15.80829351
100,1391,24,30,A,7.083333333,94303,9040.459625,14501.5702,4.5,7.91,0.419392118,15859,0.499,57.83705087,6.95E-01,58.35825139,2.526734175,4.32E-07,0.949501993,0.122206034,0.000239184,61.46195776,9.412113555
100,1391,24,30,B,7.083333333,109719,8638.269828,12305.8998,4.5,8.58,0.391000321,15195,0.488,47.10282645,5.51E-01,47.93107322,2.382882498,9.80E-07,0.699586941,0.094793973,0.000317426,68.51339041,6.946610501
100,1391,24,30,C,7.083333333,89707,9378.509854,13820.87416,4.5,6.53,0.36396306,11648,0.469,53.38828885,5.21E-01,57.55123914,3.644775858,4.09E-06,0.575366695,0.072982639,0.000220683,100.0253224,5.734574098
100,1391,24,30,D,7.083333333,87831,9506.674886,14559.10129,4.5,8.06,0.458836793,13404,0.481,51.8577485,4.68E-01,57.32574358,2.780519197,8.47E-07,0.505710762,0.043976667,2.60E-05,113.35678,5.044029774
100,1391,24,30,E,7.083333333,110747,8865.127166,12774.67257,4.5,8.63,0.389625288,15847,0.5,41.35766307,4.70E-01,42.29808086,2.585745561,3.32E-06,0.581916862,0.092471664,0.000750021,72.68749825,5.782731417
100,1391,24,30,F,7.083333333,77713,9101.783797,12021.97709,4.5,4.09,0.211824092,7497,0.549,60.12437419,8.02E-01,58.09988774,4.289833649,3.93E-05,1.263086754,0.309545367,0.009535576,45.99833506,12.43557043
100,2951,24,30,A,7.083333333,96542,7319.391507,8486.823941,4.5,3.6,0.231622388,7925,0.407,70.13193967,6.32E-01,76.67639767,3.076692293,2.75E-07,0.696902578,0.05151989,1.01E-05,110.0245573,6.949899133
100,2951,24,30,B,7.083333333,48924,7385.548715,7747.64258,4.5,1.91,0.195202007,3423,0.533,83.74608059,9.00E-01,87.13389252,5.630181951,4.60E-06,1.060576838,0.161445448,0.000596422,82.15707659,10.55370108
100,2951,24,30,C,7.083333333,35068,7382.9689,7647.832788,4.5,1.16,0.16539387,2195,0.532,89.3601877,9.79E-01,92.14883353,4.162908839,5.56E-07,1.17588714,0.130000647,0.000102337,78.36537235,11.69545864
100,2951,24,30,D,7.083333333,106092,7990.522701,10203.89984,4.5,5.49,0.25873789,8302,0.544,64.7076176,8.91E-01,63.14813438,3.017571212,7.75E-07,1.475724032,0.277806324,0.001808842,42.79128956,14.49434032
100,2951,24,30,E,7.083333333,73836,7046.762273,7595.639942,4.5,2.66,0.180129269,5172,0.531,65.38993427,8.58E-01,64.62909605,2.580367722,2.67E-07,1.336650726,0.191536148,0.000430581,48.3515213,13.17913291
100,2951,24,30,F,7.083333333,69906,7391.772266,7558.805794,4.5,2.4,0.171659742,4346,0.545,68.21767717,8.32E-01,68.28735983,3.756207063,1.78E-06,1.122145899,0.184941867,0.000909426,60.85426134,11.12153245
100,1391,24,18,A,9,61303,10258.31465,6156.364997,4.5,2.55,0.207983713,4004,0.419,131.3359157,1.12E+00,147.1427238,3.101892429,5.88E-09,1.217610846,0.043311525,1.34E-07,120.8454444,12.14839194
100,1391,24,18,B,9,260178,10077.78365,4633.13477,4.5,6.15,0.118188203,13842,0.46,135.5005517,1.13E+00,156.5118789,3.819345932,1.41E-08,1.179231224,0.044140964,1.82E-07,132.7236557,11.7700486
100,1391,24,18,C,9,169392,10582.86386,5383.773272,4.5,5.39,0.159098145,9526,0.431,150.5587827,1.29E+00,174.5252854,5.548234316,6.86E-08,1.309051333,0.063529224,8.50E-07,133.3219569,13.06601955
100,1391,24,18,D,9,117683,10575.76479,5515.142172,4.5,4.65,0.197564437,6434,0.415,142.7976993,1.20E+00,164.2131655,3.691377301,8.64E-09,1.254044516,0.043860672,1.21E-07,130.9468391,12.51612369
100,1391,24,18,E,9,172238,10033.48804,5594.821018,4.5,5.53,0.160533419,11441,0.479,149.9778512,1.19E+00,178.7523936,4.553369657,1.83E-08,1.221751028,0.042819739,1.23E-07,146.3083635,12.19852083
100,1391,24,18,F,9,81764,11134.5076,4806.51389,4.5,3.68,0.22503857,3160,0.3,119.9504122,9.99E-01,140.7160384,3.262941549,1.04E-08,1.014749337,0.034415147,1.01E-07,138.6707371,10.1299398
100,2951,24,18,A,9,888503,8785.498839,3336.869326,4.5,14.61,0.092643854,35217,0.51,129.4200919,1.66E+00,129.7066586,3.095164807,1.24E-08,2.360003051,0.182919591,1.33E-05,54.9603775,23.34300305
100,2951,24,18,B,9,630593,8952.904412,4075.755436,4.5,13.72,0.129289396,30312,0.523,147.2015599,1.55E+00,151.1273541,3.307368185,7.36E-09,1.962376121,0.106578769,1.65E-06,77.01243025,19.51420919
100,2951,24,18,C,9,452962,8535.475233,3771.604537,4.5,7.52,0.106527064,16136,0.508,150.1689943,1.78E+00,152.9765848,3.531670885,1.01E-08,2.274897636,0.145298993,4.30E-06,67.24548058,22.58275377
100,2951,24,18,D,9,517668,8361.142279,4715.5908,4.5,10.51,0.125817645,23979,0.496,130.4783977,1.36E+00,133.626928,3.458018137,2.01E-08,1.765923339,0.115023208,4.83E-06,75.66972191,17.55714339
100,2951,24,18,E,9,464994,8648.201054,3888.034768,4.5,7.84,0.107398992,18428,0.495,158.9874108,1.81E+00,162.8071256,2.06532519,2.81E-10,2.276906092,0.076077622,9.23E-08,71.50366289,22.62176758
100,2951,24,18,F,9,507232,8697.036666,4016.687276,4.5,9.45,0.116027211,22003,0.51,150.3393522,1.78E+00,153.1050806,3.191718589,5.50E-09,2.287540582,0.132429016,2.41E-06,66.92999539,22.70669395
100,1391,24,24,A,9,156267,8877.553399,10940.10626,4.5,9.36,0.299486888,22587,0.503,122.3712146,1.28E+00,135.5002607,7.998069316,2.70E-06,1.240577678,0.135803089,9.68E-05,109.2235199,12.37122927
100,1391,24,24,B,9,185523,8495.30645,8897.038219,4.5,9.62,0.259267133,20846,0.535,96.73042957,9.60E-01,112.6520844,8.625182809,1.24E-05,0.869723894,0.104793854,0.000165849,129.5262613,8.680000014
100,1391,24,24,C,9,172007,8908.775553,10110.12675,4.5,9.54,0.277313494,18086,0.525,97.8969075,1.09E+00,104.6208153,6.263117708,2.94E-06,1.122468547,0.142815258,0.000224443,93.20601069,11.18181382
100,1391,24,24,D,9,187785,8743.22215,10218.1916,4.5,11.18,0.297681141,20983,0.511,101.112107,1.06E+00,111.2446065,7.428075745,5.58E-06,1.047047742,0.132891182,0.000221401,106.2459734,10.43966795
100,1391,24,24,E,9,157749,8662.110471,9846.746814,4.5,8.41,0.266562981,17372,0.504,83.32835412,9.32E-01,89.18615528,6.249315573,7.40E-06,0.957645986,0.142711609,0.00053211,93.13061046,9.539824484
100,1391,24,24,F,9,172003,8784.41745,10663.13811,4.5,9.54,0.277321311,17107,0.51,100.1895547,1.05E+00,109.3316167,6.124596538,1.99E-06,1.055914159,0.11499991,9.40E-05,103.5421448,10.52643345
100,2951,24,24,A,9,918317,8246.957359,4955.656988,4.5,32.16,0.175103009,68763,0.53,69.4610962,1.10E+00,69.40285033,0.97345246,5.12E-10,2.146950244,0.147360079,6.56E-06,32.32625001,20.80989783
100,2951,24,24,B,9,665190,8570.16839,4107.964038,4.5,19.58,0.147175904,35631,0.554,67.59076579,1.10E+00,68.4661063,1.151688054,1.52E-09,1.880161999,0.140805235,1.09E-05,36.41500377,18.34283291
100,2951,24,24,C,9,653345,8390.95812,4185.317537,4.5,18.15,0.138900478,35101,0.539,70.74690056,1.08E+00,70.90601192,1.347413451,3.16E-09,1.807844006,0.14454156,1.60E-05,39.22131095,17.69662729
100,2951,24,24,D,9,297901,8835.511385,5411.934384,4.5,10.9,0.1829464,17260,0.528,60.25549366,9.15E-01,59.62755317,0.992930702,1.43E-09,1.696249341,0.129239507,1.21E-05,35.15258737,16.51926906
100,2951,24,24,E,9,315924,8344.564051,4383.515672,4.5,8.9,0.140856708,13168,0.539,77.38078155,1.07E+00,76.72702376,4.558837375,2.81E-06,1.560174594,0.328379228,0.003155026,49.17848557,15.39021252
100,2951,24,24,F,9,378260,8624.957867,4776.135874,4.5,12,0.158621209,16826,0.545,69.77387953,1.03E+00,69.0687433,1.57718556,9.49E-09,1.703324697,0.159583845,3.99E-05,40.54936996,16.69613649
100,1391,24,30,A,9,159989,8236.344635,15775.36645,4.5,17.05,0.532850117,32733,0.519,73.58736357,8.13E-01,75.83830797,3.719635085,9.05E-07,0.996380949,0.122427316,0.000184951,76.11376755,9.906873137
100,1391,24,30,B,9,202400,8312.935508,12721.08878,4.5,17.88,0.441700339,30294,0.537,49.60057962,5.93E-01,50.04957425,2.494540035,9.95E-07,0.781643779,0.112085548,0.000432239,64.03118098,7.753503314
100,1391,24,30,C,9,149104,8604.509457,15069.52103,4.5,14.99,0.502670912,24969,0.523,60.21859349,6.16E-01,64.3298203,3.930867902,3.32E-06,0.68179178,0.087647428,0.000237639,94.35405682,6.792504409
100,1391,24,30,D,9,140655,8536.838283,15995.10424,4.5,15.25,0.542105259,23754,0.505,58.68884231,5.58E-01,64.18862978,3.164716279,9.33E-07,0.599678206,0.055830522,3.85E-05,107.0384568,5.979395895
100,1391,24,30,E,9,208326,8382.351681,12642.34388,4.5,16.32,0.391693956,27830,0.524,51.59864074,6.12E-01,52.49322478,2.846436064,1.64E-06,0.764676796,0.112836437,0.000504584,68.64759736,7.593134526
100,1391,24,30,F,9,163503,8711.462575,14703.66285,4.5,9.61,0.293878234,25812,0.482,63.279296,5.76E-01,69.33684935,2.900491032,3.52E-07,0.635791328,0.049392576,1.35E-05,109.0559847,6.340153557
100,2951,24,30,A,9,321416,7652.171546,8452.340223,4.5,16.1,0.250454547,34686,0.559,48.30284871,8.58E-01,48.6263265,0.93397409,3.37E-09,1.971177221,0.241814213,0.000183308,24.66867311,18.69859325
100,2951,24,30,B,9,155352,7729.971798,7756.442439,4.5,7.52,0.242031357,14842,0.567,59.32421439,9.14E-01,58.27159543,3.763631491,2.04E-05,1.662456364,0.444105723,0.013384779,35.05150373,16.18773925
100,2951,24,30,C,9,135189,7590.846282,7873.687375,4.5,6.23,0.230418837,13052,0.567,63.01746515,8.57E-01,62.26520764,3.604457864,2.41E-06,1.27092785,0.261388946,0.00281653,48.99192952,12.53566879
100,2951,24,30,D,9,263089,7492.267511,9406.959713,4.5,16.97,0.322514616,32075,0.527,47.90908026,7.81E-01,47.12957546,1.396159082,4.50E-08,1.867869493,0.34410828,0.001620322,25.23172826,17.75848566
100,2951,24,30,E,9,213017,7365.84224,7167.736353,4.5,10.13,0.237774517,17501,0.543,50.38688346,7.68E-01,49.00625725,2.24202156,5.99E-07,1.681647195,0.412180467,0.006502959,29.14181844,16.18609139
100,2951,24,30,F,9,182159,7677.536647,6811.646616,4.5,8.25,0.226450635,14372,0.554,63.03238221,9.18E-01,60.88589151,3.062802083,1.05E-06,1.696491184,0.384227463,0.004493478,35.88930616,16.53909458
100,1391,24,18,A,11,56536,10515.87085,6277.681655,4.5,2.64,0.233479325,3790,0.412,110.3917475,1.049397341,117.3409164,1.546192928,3.52E-10,1.20679322,0.032623225,2.60E-08,97.23365563,12.02556353
100,1391,24,18,B,11,294535,10258.72406,4258.887135,4.5,6.66,0.113059731,15263,0.445,120.4719092,1.030991098,136.2626942,2.42786104,2.15E-09,1.093202678,0.031877087,4.09E-08,124.6454084,10.90863247
100,1391,24,18,C,11,184402,10840.76435,5412.264523,4.5,6.1,0.165399369,9411,0.421,140.1212589,1.219328836,158.5060378,3.233021612,4.83E-09,1.278711424,0.042920662,9.48E-08,123.9576301,12.75944638
100,1391,24,18,D,11,122030,11007.70607,5390.15238,4.5,4.54,0.186020031,6060,0.396,137.9865241,1.187795254,157.5948279,3.592912352,9.40E-09,1.232807506,0.044834965,1.53E-07,127.8340919,12.30298978
100,1391,24,18,E,11,205760,10034.88635,5488.795019,4.5,5.56,0.13510902,13601,0.484,129.3438524,1.029722244,153.6760557,3.196434543,5.43E-09,1.058427588,0.030561728,3.86E-08,145.1927911,10.56757164
100,1391,24,18,F,11,78126,12007.74617,4668.281226,4.5,3.38,0.216317864,3017,0.278,112.0634175,0.931255714,130.5407145,2.950309415,8.92E-09,0.951743512,0.03184341,9.30E-08,137.1595529,9.500607442
100,2951,24,18,A,11,860873,8581.955622,2904.286153,4.5,16.57,0.096239461,40478,0.504,136.2182188,1.595709647,138.2412953,4.10943535,4.59E-08,2.060632398,0.169789589,1.90E-05,67.08682995,20.45505066
100,2951,24,18,B,11,628322,8694.68331,3416.97177,4.5,15.36,0.122230293,34584,0.506,135.4141229,1.492845311,138.1365571,2.219396296,1.16E-09,1.903493448,0.079601854,3.51E-07,72.57001973,18.91536239
100,2951,24,18,C,11,403678,8423.39498,3702.799817,4.5,8.76,0.108502365,18979,0.501,143.4092141,1.667835593,146.2722144,2.984966972,4.84E-09,2.147616549,0.120017686,1.96E-06,68.10909262,21.32316357
100,2951,24,18,D,11,444427,8048.461681,4291.359436,4.5,11.17,0.125667448,27729,0.477,120.1971466,1.228880698,123.546259,2.567561048,5.40E-09,1.590806004,0.081493803,1.17E-06,77.66268089,15.82072254
100,2951,24,18,E,11,402932,8400.49862,3770.280468,4.5,9.11,0.113046255,18091,0.496,137.1308208,1.716605767,139.0860747,3.430968894,1.51E-08,2.279457574,0.168118978,9.99E-06,61.01718071,22.59266217
100,2951,24,18,F,11,479075,8553.704539,3902.878493,4.5,11.98,0.125032678,25750,0.519,136.1216256,1.643102419,138.1714276,3.663761565,2.32E-08,2.145372104,0.162909364,1.18E-05,64.40441139,21.28296243
100,1391,24,24,A,11,269686,8675.766993,10932.46096,4.5,14.08,0.261044467,36992,0.543,97.42087307,1.063693689,105.5271522,5.976842836,2.12E-06,1.066549275,0.122115316,1.25E-04,98.94259433,10.62932493
100,1391,24,24,B,11,317980,8220.619296,8472.254088,4.5,15.09,0.237279107,31782,0.548,70.5200086,0.828873323,73.26451409,4.376699193,2.90E-06,0.933855656,0.136399242,4.78E-04,78.45378847,9.288308693
100,1391,24,24,C,11,293006,8580.032437,10063.92582,4.5,15.61,0.266376975,32401,0.547,75.4526994,0.817820456,81.37481417,5.177979143,4.21E-06,0.836079898,0.109053424,2.57E-04,97.32899255,8.33150272
100,1391,24,24,D,11,323585,8551.629658,9879.346283,4.5,16.74,0.258664956,33552,0.53,77.47354399,0.856048225,83.15113091,5.578670891,5.74E-06,0.88111373,0.124349173,3.96E-04,94.370486,8.778305688
100,1391,24,24,E,11,267635,8519.00757,9707.157036,4.5,13.39,0.250153839,29315,0.524,72.39058326,0.815770889,76.86771158,5.098133607,5.37E-06,0.854200195,0.123947284,4.61E-04,89.98793495,8.507013073
100,1391,24,24,F,11,300185,8480.370635,10507.23036,4.5,15.63,0.260339773,31479,0.527,80.79005993,0.881805716,86.83058247,5.266625371,3.17E-06,0.905693204,0.114042047,2.12E-04,95.87195984,9.024228794
100,2951,24,24,A,11,134373,8507.487632,5416.459546,4.5,5.1,0.189770218,8952,0.553,79.19783794,1.297156724,79.7777415,0.996721929,2.56E-10,2.339088923,0.136931872,2.58E-06,34.10633119,22.7428841
100,2951,24,24,B,11,97873,8901.041781,4829.878868,4.5,3.29,0.168074512,5633,0.553,82.55787465,1.258362276,82.64229576,1.360471647,1.34E-09,2.123482574,0.14794434,7.16E-06,38.918283,20.77951999
100,2951,24,24,C,11,91236,8868.209457,4758.406451,4.5,2.98,0.163313609,5565,0.543,81.80428183,1.235181604,81.08501798,0.982994751,4.96E-09,2.041539703,0.092440101,3.53E-06,39.71758073,19.99467116
100,2951,24,24,D,11,53520,8879.786363,6213.399707,4.5,2.28,0.213005482,3769,0.521,91.43614671,1.252575599,90.6344939,4.22378002,6.68E-07,1.797896385,0.291165744,0.000829167,50.41141116,17.74679474
100,2951,24,24,E,11,68257,8341.249687,5097.782735,4.5,2.24,0.164085449,3720,0.534,90.1548265,1.23790464,88.88307558,2.594014488,4.12E-08,1.864019895,0.197347447,8.01E-05,47.68354448,18.37165215
100,2951,24,24,F,11,103616,8322.892352,5793.3772,4.5,4.17,0.201223161,7229,0.545,88.82290107,1.365652,88.30352805,0.580962629,5.47E-12,2.31497767,0.065447313,3.40E-08,38.14444053,22.63361161
100,1391,24,30,A,11,285912,8150.312818,13542.23514,4.5,24.96,0.436497689,46001,0.525,55.67484926,0.744258586,55.17288741,2.316387174,3.60E-07,1.13293425,0.16977407,0.000548245,48.69910803,11.17274708
100,1391,24,30,B,11,352108,8075.552862,11099.02972,4.5,25.61,0.363666727,46908,0.525,48.56103281,0.654812256,48.33934476,1.457332114,5.00E-08,0.960954724,0.100844244,7.62E-05,50.30345711,9.484930658
100,1391,24,30,C,11,240932,8268.578738,14111.00336,4.5,21.98,0.456145815,41274,0.534,47.17516512,0.55795768,47.86641252,2.184935279,5.91E-07,0.715176376,0.090657277,0.000219881,66.92952136,7.099016963
100,1391,24,30,D,11,222360,8117.629477,14512.51738,4.5,22.08,0.496491769,35760,0.507,52.7944054,0.545906994,56.16069931,3.06433307,1.70E-06,0.608269021,0.07109297,1.40E-04,92.3287187,6.059016413
100,1391,24,30,E,11,340614,8137.112782,11107.33379,4.5,23.54,0.345552578,40325,0.528,42.60013475,0.594039508,42.1722714,1.595645791,1.94E-07,0.872852625,0.118598542,0.000322263,48.31545464,8.60598837
100,1391,24,30,F,11,261420,8365.186007,14371.10961,4.5,23.34,0.446408179,41615,0.476,52.84536993,0.54878148,56.29692824,2.877960892,1.16E-06,0.604225299,0.065668657,9.29E-05,93.1720806,6.019158431
100,2951,24,30,A,11,370659,8286.049093,6301.431992,4.5,13.3,0.179409975,29996,0.564,61.12327376,0.908648553,60.51222037,2.026421547,9.35E-08,1.530258186,0.214277685,0.00037984,39.54379785,14.98451357
100,2951,24,30,B,11,557419,7916.794078,6872.536817,4.5,25.45,0.228284155,55406,0.533,38.61063751,0.535922131,36.97095855,1.629993012,4.81E-07,1.217241561,0.276960101,0.004593068,30.37273762,11.75085249
100,2951,24,30,C,11,345728,8321.735124,6127.973745,4.5,12.76,0.184537916,27643,0.567,63.54833966,0.752949493,67.41709177,7.002974508,7.19E-05,0.797280398,0.190613807,0.005796069,84.55882262,7.935842502
100,2951,24,30,D,11,513411,7560.369374,6822.798281,4.5,24.65,0.240060951,51931,0.522,37.261037,0.499870908,35.73938851,1.952499346,1.71E-06,1.056058821,0.272010823,0.008147896,33.84223282,10.26359547
100,2951,24,30,E,11,471967,8183.89075,5940.544843,4.5,18.77,0.198848732,35463,0.53,44.28827239,0.610015142,42.76271007,2.30154353,1.57E-06,1.182983429,0.285073265,0.006012753,36.14819026,11.53701888
100,2951,24,30,F,11,448882,8471.964017,5511.402623,4.5,17.81,0.198381542,32499,0.552,52.86384714,0.779563826,51.57640998,2.11740328,3.15E-07,1.560671317,0.307912828,0.002291262,33.04757985,15.14720234
100,1391,24,18,A,14,32245,11364.19719,6065.566298,4.5,1.6,0.248103585,1801,0.369,103.1679693,0.995393785,107.6571441,3.190867493,4.51E-08,1.220430649,0.080440028,5.17E-06,88.21242252,12.15229423
100,1391,24,18,B,14,212581,10586.41041,4229.399484,4.5,4.88,0.11477994,10241,0.445,118.2017187,1.021850871,133.0045409,2.471259788,2.76E-09,1.089837258,0.033840756,5.96E-08,122.0407358,10.87404684
100,1391,24,18,C,14,127174,11381.75082,5212.988161,4.5,4.46,0.175350482,7115,0.435,141.6559091,1.209588221,161.810803,3.512421003,7.01E-09,1.261775831,0.043549455,1.12E-07,128.2405313,12.59224568
100,1391,24,18,D,14,73779,11587.21178,5174.185272,4.5,2.97,0.201275657,3731,0.408,140.8668225,1.18466376,163.2295721,4.096616343,1.67E-08,1.222417146,0.046756528,2.07E-07,133.5301723,12.20136981
100,1391,24,18,E,14,149923,10022.381,5495.407431,4.5,5.03,0.16775286,10009,0.487,137.4584242,1.058625134,166.3444803,4.149181798,1.61E-08,1.087860835,0.035413795,7.90E-08,152.9097059,10.8631259
100,1391,24,18,F,14,38112,12747.52503,4393.439384,4.5,2.24,0.293874254,1321,0.297,106.5279736,0.966552714,115.7680663,3.922408751,1.00E-07,1.070976093,0.067923808,4.13E-06,108.0958456,10.67931309
100,2951,24,18,A,14,147830,7727.155195,3918.894926,4.5,3.95,0.117678809,8800,0.536,150.6218419,1.69843464,154.5436705,1.621465274,8.99E-11,2.113746603,0.05737958,2.67E-08,73.11362218,21.00663893
100,2951,24,18,B,14,133642,8186.017845,3669.507095,4.5,4.09,0.124967977,7470,0.522,153.0299485,1.628405848,156.5697082,3.794260548,1.35E-08,2.065099752,0.125765956,3.25E-06,75.81701953,20.53207202
100,2951,24,18,C,14,95205,8238.2477,3632.169695,4.5,2.04,0.107137712,4303,0.524,148.1482177,1.652676942,151.2171277,2.922013697,3.49E-09,2.136133328,0.109596196,1.18E-06,70.79011676,21.22036891
100,2951,24,18,D,14,95239,8112.761552,4334.590232,4.5,2.83,0.122788346,6408,0.512,129.5981263,1.384468313,132.6820189,2.433743828,2.56E-09,1.790209318,0.084038213,6.98E-07,74.11536605,17.79424439
100,2951,24,18,E,14,62863,8199.037312,3804.791286,4.5,2.32,0.112771231,4610,0.512,149.606115,1.710120589,153.2584504,1.801365096,1.78E-10,2.14006761,0.066170726,5.81E-08,71.61383579,21.2626572
100,2951,24,18,F,14,103001,8235.097248,3924.182882,4.5,3.23,0.131300243,6549,0.528,153.3347102,1.710845691,157.8776937,0.934245308,2.90E-12,2.074436839,0.030755005,7.14E-10,76.10629101,20.62580538
100,1391,24,24,A,14,115410,8665.855447,11784.73037,4.5,6.68,0.289403891,16785,0.526,108.7453026,1.0639889,124.5389891,7.33111282,2.66E-06,1.003853309,0.097163985,4.81E-05,124.0609439,10.01684848
100,1391,24,24,B,14,130903,8122.057345,8594.715936,4.5,5.98,0.228413532,13429,0.522,75.60773084,0.876637382,79.17166512,4.852177288,3.37E-06,0.95323058,0.13642563,0.000427715,83.05615322,9.486510358
100,1391,24,24,C,14,123571,8626.800848,10137.0439,4.5,6.46,0.261389002,13736,0.532,86.75431458,0.931482521,94.72497986,6.30908628,5.50E-06,0.923803126,0.120638726,0.000259151,102.5380595,9.208854372
100,1391,24,24,D,14,138043,8488.264774,9648.542115,4.5,6.3,0.228189939,14675,0.509,82.51829077,0.886003021,89.66001092,5.656356501,4.00E-06,0.894461327,0.112814925,0.000213839,100.2391139,8.915057626
100,1391,24,24,E,14,118503,8404.077373,9832.168897,4.5,5.43,0.229108726,13023,0.525,65.91194571,0.718918032,71.1401638,5.120661741,8.66E-06,0.720791153,0.105103401,0.000473215,98.69733203,7.18334761
100,1391,24,24,F,14,121333,8422.59258,10384.36529,4.5,6.46,0.26620997,11310,0.504,82.13633983,0.9255922,85.87477059,4.242881272,9.45E-07,1.024473169,0.117327051,0.00012481,83.82334763,10.19640533
100,2951,24,24,A,14,208140,8069.79588,4653.053075,4.5,5.9,0.141731253,10836,0.53,62.19477427,0.981745689,62.15134218,1.13901116,2.54E-09,1.758623607,0.146850224,2.05E-05,35.34090065,17.13144615
100,2951,24,24,B,14,173280,8303.64021,4224.940876,4.5,4.88,0.14081264,8420,0.535,70.09416248,1.021964562,69.78778637,1.805260052,2.00E-08,1.593391986,0.159541524,5.83E-05,43.79825366,15.66269642
100,2951,24,24,C,14,156631,8346.67028,3946.236485,4.5,3.92,0.125134731,6953,0.526,72.93137292,1.074341194,72.80018855,1.668460497,9.70E-09,1.653733756,0.146138126,2.85E-05,44.02171044,16.25863578
100,2951,24,24,D,14,168105,8086.266167,5855.829753,4.5,6.63,0.197198432,10613,0.551,70.60204561,0.983812436,69.57324135,3.277552351,7.13E-07,1.524073844,0.269298315,0.001307657,45.64952125,15.0015408
100,2951,24,24,E,14,96965,7530.086099,4306.561954,4.5,2.92,0.150569935,4446,0.515,85.54407859,1.164992457,84.83162137,2.595750439,5.46E-08,1.701789103,0.182541064,8.63E-05,49.84849251,16.79322035
100,2951,24,24,F,14,256318,7672.522014,4779.074287,4.5,7.51,0.146497606,11847,0.544,71.71322141,1.10774622,71.10236222,1.361066599,3.30E-09,1.944201725,0.165146668,2.27E-05,36.57149425,18.97153735
100,1391,24,30,A,14,156942,8511.447766,12770.20986,4.5,6.59,0.209950307,15869,0.493,102.9022335,1.169791941,107.4272596,3.956597414,1.65E-07,1.310131447,0.113855171,2.59E-05,81.99731392,13.0367463
100,1391,24,30,B,14,160386,8666.544257,13712.24172,4.5,5.89,0.183619277,11698,0.484,79.88060996,0.900137365,83.58683366,3.247741772,2.27E-07,1.007845911,0.091553803,3.34E-05,82.93612421,10.02990038
100,1391,24,30,C,14,122503,8556.024654,11228.64522,4.5,5.33,0.217546055,10329,0.501,93.96483114,1.011850783,99.42988825,3.980005338,2.71E-07,1.098439537,0.095731275,2.63E-05,90.51921828,10.93992626
100,1391,24,30,D,14,116942,8396.169002,11450.09696,4.5,5.11,0.218484414,10900,0.484,88.09377606,0.910041236,94.1911556,4.248009222,5.50E-07,0.995193321,0.094183791,4.23E-05,94.64608893,9.915065518
100,1391,24,30,E,14,153809,8647.164666,10137.19739,4.5,5.49,0.178467876,12203,0.495,75.95553683,0.815100154,80.10301898,3.888098982,8.51E-07,0.898197175,0.096088647,8.50E-05,89.18199833,8.944516092
100,1391,24,30,F,14,125973,8471.058562,12885.55455,4.5,5.56,0.220682332,11981,0.466,86.66479451,0.863449468,94.36541432,4.459127222,7.26E-07,0.904929946,0.082623971,3.44E-05,104.2792481,9.021661664
100,2951,24,30,A,14,95093,9320.908817,8567.890435,4.5,2.87,0.150904492,4944,0.488,76.07986705,1.130910687,75.35110804,2.949475201,2.37E-07,1.785883993,0.27833888,0.000676481,42.19261068,17.53179192
100,2951,24,30,B,14,80117,9354.949862,7167.201241,4.5,1.98,0.123568979,4188,0.51,103.5665136,1.102714704,115.5394013,7.767843265,5.81E-06,1.040610584,0.127836909,0.00018475,111.0303922,10.37805949
100,2951,24,30,C,14,62541,9106.573624,8223.995344,4.5,1.46,0.116722581,3061,0.517,79.93823841,1.149649158,79.01017383,2.59327702,8.30E-08,1.787229147,0.225458913,0.000214064,44.20819454,17.57357679
100,2951,24,30,D,14,107893,9764.911183,6834.797767,4.5,3.81,0.176564308,6841,0.518,68.77845848,0.99135217,67.56409249,2.723780041,2.82E-07,1.621576647,0.26277336,0.000831877,41.66567926,15.91141957
100,2951,24,30,E,14,84923,8911.24887,7804.829877,4.5,2.05,0.1206971,3935,0.497,93.57325847,0.997759403,102.6540339,7.00713767,6.35E-06,0.977745449,0.128192539,0.0002649,104.9905515,9.747994601
100,2951,24,30,F,14,86677,9155.298491,8373.175687,4.5,2.5,0.144212826,5259,0.527,72.14142823,0.985831316,71.14539429,2.393971845,9.63E-08,1.546082247,0.193941497,0.000207475,46.01656506,15.22195475
100,1391,24,18,A,16,30387,11811.85027,6460.326395,4.5,1.39,0.228717942,1979,0.353,106.0094847,1.0087303,112.7485206,2.124904303,3.01E-09,1.17579761,0.045995219,2.36E-07,95.89109528,11.71553665
100,1391,24,18,B,16,238683,10527.57205,5606.948046,4.5,5.3,0.111025768,13602,0.457,127.0332752,1.099007986,143.2503683,2.791005356,3.67E-09,1.16723449,0.037796688,7.65E-08,122.7262984,11.6465811
100,1391,24,18,C,16,137315,11404.03039,6786.141566,4.5,4.47,0.162764251,8846,0.443,136.9447726,1.234760977,154.8966726,4.696506074,5.17E-08,1.2663317,0.064022627,1.08E-06,122.3191937,12.63518002
100,1391,24,18,D,16,73692,11721.76528,5821.360692,4.5,2.97,0.201513752,4319,0.409,130.9822032,1.218231339,143.6789583,2.111713067,6.78E-10,1.29754664,0.034932284,2.54E-08,110.7312476,12.94030656
100,1391,24,18,E,16,185703,10139.89738,6121.426096,4.5,5.04,0.135700443,13467,0.493,131.7617365,1.050093095,157.5844966,4.604455376,4.14E-08,1.065666555,0.042308277,2.58E-07,147.8741131,10.64045036
100,1391,24,18,F,16,33452,13151.96611,5952.02368,4.5,1.53,0.228683807,1597,0.325,124.5729677,0.970734891,156.1305331,7.021010263,5.41E-07,0.948425379,0.05069298,1.51E-06,164.6207879,9.472605232
100,2951,24,18,A,16,228402,7783.149708,3854.890217,4.5,4.95,0.108361445,11376,0.536,137.0614012,1.724407616,138.6337894,2.839119981,4.95E-09,2.335332406,0.146152792,3.82E-06,59.36362167,23.13490749
100,2951,24,18,B,16,201979,8161.84691,3647.850528,4.5,4.58,0.11337785,9166,0.525,145.1572541,1.641519565,147.8943894,3.267186429,7.79E-09,2.122042902,0.126034084,2.80E-06,69.69434465,21.07599271
100,2951,24,18,C,16,116866,7971.028037,3748.432647,4.5,2.67,0.114233513,5806,0.53,147.0480738,1.624990822,149.8771356,4.386191655,4.18E-08,2.104690661,0.162766177,1.32E-05,71.21100425,20.90964128
100,2951,24,18,D,16,144369,7946.915595,4350.005627,4.5,3.97,0.137494963,7600,0.53,126.7755517,1.492673312,128.729352,2.485609074,3.48E-09,1.964487596,0.107135934,1.70E-06,65.52820812,19.49378274
100,2951,24,18,E,16,121699,7947.696069,3835.824378,4.5,2.61,0.107232126,4932,0.527,138.5225279,1.716960704,140.3107921,3.233648646,1.00E-08,2.314344415,0.160288524,6.91E-06,60.62658228,22.93581877
100,2951,24,18,F,16,149187,7882.919017,3754.534194,4.5,3.36,0.112610437,6889,0.525,141.2742135,1.798592167,142.9805091,3.359567162,1.13E-08,2.405001632,0.17248694,8.48E-06,59.4513148,23.82573945
100,1391,24,24,A,16,188580,8625.988135,11355.81167,4.5,9.32,0.247109478,26216,0.53,101.7292947,1.035368759,112.9845811,6.633744371,2.62E-06,1.016045691,0.108854444,8.57E-05,111.2002956,10.13315597
100,1391,24,24,B,16,199787,8308.344944,8036.11849,4.5,8.33,0.208472416,18590,0.523,70.8995084,0.871326282,71.97092302,3.693480501,1.18E-06,1.084683739,0.155658977,0.000434025,66.35198852,10.76545201
100,1391,24,24,C,16,192941,8739.084707,9381.913857,4.5,8.6,0.222865577,20325,0.533,77.24695704,0.882706117,81.40842232,5.010837895,3.46E-06,0.943424063,0.131472555,0.000370038,86.29038152,9.392232408
100,1391,24,24,D,16,208752,8730.883752,9057.765811,4.5,10.13,0.242632604,20296,0.523,72.69358364,0.837729019,76.075084,4.559582601,2.96E-06,0.914355218,0.127796214,0.000376005,83.20079823,9.099776128
100,1391,24,24,E,16,190600,8446.640482,9114.208614,4.5,8.47,0.222193381,20517,0.529,63.9076802,0.764427566,65.48880317,4.274203645,4.88E-06,0.891906014,0.150097216,0.001014739,73.42567731,8.864321762
100,1391,24,24,F,16,204841,8368.363253,9804.64879,4.5,10.17,0.248241517,18612,0.514,77.13077289,0.859302389,81.00974763,4.137181489,1.15E-06,0.943702467,0.109578643,0.000134858,85.84246676,9.394566764
100,2951,24,24,A,16,253764,7806.11506,4544.235233,4.5,8,0.157626684,13855,0.527,72.48638407,1.108599701,72.65975924,1.103694276,8.26E-10,1.882284132,0.121755161,4.63E-06,38.60190819,18.41278297
100,2951,24,24,B,16,231185,8014.534505,3926.104226,4.5,5.6,0.12111525,11315,0.539,73.25623255,1.096625314,73.19900259,0.885814448,2.12E-10,1.725386241,0.082792133,7.95E-07,42.42470518,16.94126611
100,2951,24,24,C,16,198760,8177.31051,3738.260959,4.5,5.41,0.136093711,9107,0.508,74.8333154,1.154574094,74.98523213,1.075605864,5.86E-10,1.880900686,0.112124591,2.87E-06,39.86666212,18.4242085
100,2951,24,24,D,16,241927,8017.277121,4969.919238,4.5,8.38,0.173192647,13438,0.52,60.42928542,0.900985615,59.70427507,1.006666102,1.54E-09,1.557884923,0.112471561,8.82E-06,38.32393151,15.2346514
100,2951,24,24,E,16,166221,7825.593735,3897.448509,4.5,4.28,0.128744145,6360,0.501,82.98887883,1.104112555,83.04454644,2.615905466,6.49E-08,1.523853106,0.156955749,6.85E-05,54.49642494,15.06976838
100,2951,24,24,F,16,336265,8191.436476,4347.294205,4.5,10.15,0.150922467,16515,0.521,77.21198519,1.15536635,76.95931309,1.19792583,9.56E-10,1.841559151,0.11496425,3.76E-06,41.79030201,18.0719693
100,1391,24,30,A,16,242416,8544.961055,10503.52948,4.5,8.13,0.167686665,20822,0.505,121.3289892,1.324537345,127.0433797,4.987133994,2.41E-07,1.516487452,0.138052353,3.38E-05,83.77476484,15.09325637
100,1391,24,30,B,16,222321,8812.551937,9523.605723,4.5,6.32,0.142136726,13083,0.489,89.13617699,1.028840594,91.39564587,2.914710781,6.99E-08,1.237897326,0.10134484,1.83E-05,73.83136225,12.30382712
100,1391,24,30,C,16,166022,8842.572135,12803.92169,4.5,5.96,0.179494764,12380,0.536,107.0387826,1.175469729,111.9557249,3.897638738,1.18E-07,1.318023914,0.105224677,1.58E-05,84.94210438,13.11968343
100,1391,24,30,D,16,187655,8445.181638,13036.95919,4.5,5.99,0.159601494,14933,0.549,84.0827046,0.935665673,87.42675789,3.846856674,4.75E-07,1.080551396,0.11340044,7.62E-05,80.90939332,10.75082736
100,1391,24,30,E,16,211714,8861.559803,10959.93588,4.5,6.21,0.146659875,13586,0.525,78.81585579,0.905438822,81.33486744,3.887734656,7.77E-07,1.059762503,0.126059578,0.000154354,76.74820276,10.53805719
100,1391,24,30,F,16,179080,8354.191178,12255.8519,4.5,7.15,0.199631478,13614,0.518,80.30800628,0.88910054,83.57781232,3.858221157,6.32E-07,1.023695424,0.111895723,9.60E-05,81.64324113,10.18606677
100,2951,24,30,A,16,109783,9023.687801,7718.209845,4.5,2.77,0.126157956,4511,0.539,88.01977669,1.205812308,87.43165136,2.075372883,1.20E-08,1.715822924,0.140359298,1.82E-05,50.95610399,16.94129875
100,2951,24,30,B,16,116668,9750.79362,8245.947614,4.5,2.63,0.112713095,4472,0.481,91.54893245,1.204281801,92.49018176,3.231837419,1.21E-07,1.512143611,0.157674834,7.35E-05,61.16494564,14.98813051
100,2951,24,30,C,16,105495,9667.230279,8351.676244,4.5,2.33,0.110431669,5189,0.504,90.2261604,1.126110373,92.48951183,3.449318119,1.78E-07,1.331514851,0.133862906,5.97E-05,69.46187027,13.22391663
100,2951,24,30,D,16,159451,9034.784917,9419.096083,4.5,5.32,0.16682205,9721,0.488,194.3229055,1.261419352,354.6559046,35.04394799,5.41E-05,1.124150165,0.045652216,2.95E-07,315.4880154,11.2377384
100,2951,24,30,E,16,138133,8313.226697,7013.988727,4.5,2.88,0.104247399,5206,0.526,78.67432986,1.192112541,77.8827256,1.314694457,1.55E-09,1.990563941,0.141635899,8.10E-06,39.12596024,19.48323723
100,2951,24,30,F,16,127507,9086.833076,8513.697163,4.5,3.27,0.12822873,6258,0.538,81.34456145,1.120371344,80.645967,5.771072128,8.37E-06,1.602982836,0.399254402,0.006998964,50.30993795,15.8220063
100,1391,24,18,A,18,29444,12749.49251,6644.661376,4.5,1.28,0.217362706,1713,0.33,90.83381332,0.908719657,95.33441298,1.416404487,7.23E-10,1.048798567,0.033810134,7.45E-08,90.89868727,10.44587828
100,1391,24,18,B,18,276067,10607.5463,5724.5091,4.5,5.17,0.0936368,15705,0.457,131.5196099,1.160202379,149.4538146,4.347698234,4.04E-08,1.197045201,0.056894776,7.51E-07,124.8522733,11.9449201
100,1391,24,18,C,18,155794,11410.94316,6777.771688,4.5,6.1,0.195771506,10104,0.457,141.8866997,1.274542808,159.7457601,3.75825947,1.13E-08,1.32208194,0.052490484,2.58E-07,120.8289405,13.1907166
100,1391,24,18,D,18,73967,12081.93413,6572.644772,4.5,3.31,0.22374868,4159,0.411,125.1457676,1.118849605,141.9654981,3.621298295,1.84E-08,1.144830759,0.048038142,3.58E-07,124.0056637,11.42355567
100,1391,24,18,E,18,218505,10187.48509,6780.789654,4.5,6.29,0.143932639,15924,0.502,124.8825256,1.014560433,146.369315,3.451458686,1.15E-08,1.048385374,0.035885582,1.07E-07,139.6140376,10.46596206
100,1391,24,18,F,18,28764,13186.83058,5547.62499,4.5,1.51,0.26248381,1399,0.343,99.60889137,0.958532552,106.502377,1.764985332,1.39E-09,1.063333799,0.035254555,8.81E-08,100.1589313,10.59814624
100,2951,24,18,A,18,331676,8088.480342,4082.192452,4.5,8.71,0.131302768,17282,0.498,144.8335892,1.88823465,146.218611,2.672295902,2.50E-09,2.597435224,0.151301824,2.50E-06,56.29345814,25.70454048
100,2951,24,18,B,18,277013,8068.124919,3822.785977,4.5,6.82,0.1230988,12575,0.544,141.0366265,1.66319958,143.4955253,3.874060498,2.58E-08,2.196334141,0.167875361,1.23E-05,65.33410496,21.79342045
100,2951,24,18,C,18,176407,7943.660984,3970.627939,4.5,4.22,0.119610076,9014,0.541,129.4799277,1.558310939,131.6393646,3.263975028,1.55E-08,2.103702416,0.152851648,9.15E-06,62.57508836,20.85974951
100,2951,24,18,D,18,233565,8092.561975,4675.313614,4.5,6.85,0.146639846,11659,0.52,123.4682427,1.549867662,125.2394739,3.42767418,2.80E-08,2.10824406,0.17623193,2.07E-05,59.40463737,20.88553205
100,2951,24,18,E,18,215029,7956.013276,4068.845865,4.5,5.3,0.123239086,9668,0.542,123.0256083,1.634511037,124.7146975,3.386474368,2.67E-08,2.27268641,0.200689445,2.84E-05,54.87545354,22.47858963
100,2951,24,18,F,18,235886,7975.44693,3997.171346,4.5,6.05,0.128240066,12056,0.548,123.537154,1.650136136,125.092531,3.169624832,1.77E-08,2.261400878,0.185170296,1.83E-05,55.31638916,22.37083929
100,1391,24,24,A,18,379746,8685.969262,7783.204083,4.5,10.61,0.189636408,24588,0.502,103.4643094,1.209957258,107.2085638,4.612735096,4.16E-07,1.374413454,0.145256745,7.93E-05,78.00313903,13.66933026
100,1391,24,24,B,18,391414,8717.924804,9982.092819,4.5,13.41,0.230085205,34217,0.517,79.59128776,0.92282492,83.55583957,4.769341261,2.22E-06,0.999670952,0.132570924,0.000282062,83.5833425,9.949283464
100,1391,24,24,C,18,370549,8331.842713,7176.602145,4.5,10.36,0.191462392,23386,0.518,71.29001342,0.842531633,73.49936393,3.904111628,1.45E-06,0.981880665,0.132417659,0.000309313,74.8556994,9.760810558
100,1391,24,24,D,18,370881,8533.246484,8277.723643,4.5,11.67,0.215408025,23921,0.507,75.76666029,0.864578009,79.03945539,4.566581074,2.38E-06,0.966972764,0.132159131,0.000332763,81.739071,9.621771801
100,1391,24,24,E,18,361730,8391.341175,8451.660194,4.5,11.27,0.215298064,24628,0.529,63.23686268,0.709094321,66.78810887,4.482131414,5.75E-06,0.762523868,0.114458566,0.000553207,87.58822076,7.592279043
100,1391,24,24,F,18,390314,8413.86515,9526.244365,4.5,14.21,0.244734801,28929,0.531,67.98671718,0.743245117,71.54199647,3.767250039,1.38E-06,0.822967079,0.097525185,0.000151144,86.93178412,8.193562121
100,2951,24,24,A,18,473137,7288.235118,4478.666275,4.5,12.17,0.163076676,18586,0.507,86.43405863,1.427406831,88.05874123,2.105420837,1.25E-08,2.362762208,0.247078115,7.47E-05,37.26940483,23.07647426
100,2951,24,24,B,18,623154,7863.096053,4064.53983,4.5,11.05,0.144197944,19761,0.539,74.30208678,1.170936686,74.70033313,0.585480249,1.56E-11,1.92113479,0.063768256,8.87E-08,38.88344198,18.79870898
100,2951,24,24,C,18,459555,7784.750388,4111.098517,4.5,10.48,0.145735863,17579,0.526,77.69877259,1.181030061,77.54495055,1.442826255,2.79E-09,1.898826981,0.144181157,1.18E-05,40.83834458,18.61764238
100,2951,24,24,D,18,455563,7390.319715,4881.123404,4.5,12.09,0.170011897,21582,0.536,59.5952753,0.944945698,59.58520476,0.67767908,1.46E-10,1.716393633,0.090197519,1.36E-06,34.71534944,16.70444477
100,2951,24,24,E,18,547639,7733.272591,4364.817544,4.5,10.83,0.155765228,16772,0.524,66.51553298,1.028669338,65.83045857,1.526604761,1.04E-08,1.86048186,0.196400044,7.88E-05,35.38355303,18.12481094
100,2951,24,24,F,18,549858,7874.4974,4629.101276,4.5,15.32,0.170275921,25874,0.543,66.99819813,0.967310895,66.45731519,1.656447758,1.60E-08,1.538071441,0.14992188,5.00E-05,43.20821089,15.11185925
100,1391,24,30,A,18,424217,8521.333544,12791.4036,4.5,9.8,0.151133446,26337,0.474,128.8874219,1.325617134,137.2545621,5.585338396,2.99E-07,1.460856488,0.125508552,2.42E-05,93.95485677,14.5536507
100,1391,24,30,B,18,400060,8629.060298,10193.85796,4.5,8.41,0.14013843,16964,0.509,113.600257,1.21216,119.0725959,4.453712971,1.81E-07,1.38799116,0.118098842,2.29E-05,85.78771922,13.81738551
100,1391,24,30,C,18,344677,8697.842116,12243.94048,4.5,7.86,0.160620088,16473,0.514,121.3046755,1.301598683,127.3202762,4.118998193,7.61E-08,1.454389812,0.105286072,8.96E-06,87.54205725,14.48096702
100,1391,24,30,D,18,378372,8270.469844,12383.35521,4.5,9.07,0.162911417,19456,0.542,97.18386594,1.027311148,103.0147404,4.810341156,6.76E-07,1.121064363,0.112575123,5.93E-05,91.89012143,11.16659633
100,1391,24,30,E,18,378813,8602.221088,10480.84309,4.5,7.81,0.14005812,16540,0.506,96.79678161,1.127958207,98.88517344,3.114642696,6.49E-08,1.363781084,0.11188307,1.85E-05,72.50809871,13.55199668
100,1391,24,30,F,18,375726,8292.199038,11836.48824,4.5,9.56,0.173360675,20025,0.53,91.70589068,1.032284064,94.93783358,3.647973142,2.12E-07,1.20736179,0.11322301,4.01E-05,78.63246492,12.00894652
100,2951,24,30,A,18,351893,8236.531418,6604.522942,4.5,6.69,0.132794604,9301,0.454,82.02458687,1.364499671,82.99165628,1.359703969,1.30E-09,2.385030602,0.180216903,1.15E-05,34.79689368,23.21470878
100,2951,24,30,B,18,375098,8961.971646,7198.688112,4.5,6.09,0.110687632,10719,0.504,84.98578515,1.37527416,86.11562753,1.11254041,3.13E-10,2.237822493,0.123404777,1.81E-06,38.48188486,21.88774629
100,2951,24,30,C,18,343938,9101.927797,6092.2861,4.5,5.08,0.104124671,9407,0.501,82.93880675,1.332944795,84.26583437,1.798656577,6.34E-09,2.130818853,0.190172916,3.02E-05,39.54622151,20.86534501
100,2951,24,30,D,18,488985,7962.643789,9045.033031,4.5,8.48,0.146720536,14412,0.462,67.95374299,1.040805774,67.6497213,0.533958144,5.81E-10,1.780090108,0.054411882,5.01E-07,38.00353758,17.40112942
100,2951,24,30,E,18,308773,8747.498554,7206.196158,4.5,6.94,0.112380168,13349,0.496,84.18507415,1.101627376,84.34235149,6.454894278,1.24E-05,1.439163517,0.340041607,0.005486091,58.60512062,14.25356821
100,2951,24,30,F,18,483856,8400.657402,8455.012666,4.5,7.12,0.125415618,12600,0.506,77.15760989,1.15161139,76.74029892,1.082964417,5.31E-10,1.839035582,0.104201538,2.12E-06,41.72855581,18.04621102